name,phone,date
Cora Decker,(62) 92548-6854,"17,58,2024"
Bethany Townsend,(66) 99765-4172,"06,59,2024"
Bruce Matthews,(28) 92217-2642,"02,53,2024"
Lani Edwards,(37) 93428-8442,"28,42,2024"
Sonya Barker,(48) 96503-3228,"15,48,2024"
Eve Lloyd,(63) 93866-6293,"05,52,2024"
Ariana Weeks,(41) 98796-1622,"23,47,2024"
Ann Freeman,(19) 93924-8146,"01,54,2024"
Julian Vargas,(81) 91059-7615,"10,51,2024"
Kyra Weeks,(65) 96620-5654,"11,33,2024"
Levi Soto,(56) 92727-5871,"03,38,2024"
Vielka Ochoa,(87) 96071-3877,"09,03,2024"
Naida Ayala,(45) 96646-4113,"08,42,2024"
Kelly Rodriguez,(54) 90548-8670,"23,35,2024"
Melanie Mcbride,(26) 91984-3834,"22,47,2024"
Jasper Castro,(63) 95747-6382,"03,00,2024"
Ian Hunt,(63) 98778-5114,"09,41,2024"
Abigail Raymond,(61) 96726-8020,"02,14,2024"
Wang Clemons,(48) 93352-3169,"19,13,2024"
Azalia Boyd,(88) 92837-5426,"24,44,2024"
Colin Pittman,(96) 95373-1454,"21,49,2024"
Rooney Sparks,(53) 92348-3231,"22,56,2024"
Bevis Morgan,(13) 93141-6442,"08,20,2024"
Yoshio Bright,(73) 90567-5337,"18,48,2024"
Candice Webster,(45) 99656-3567,"26,29,2024"
Noah Houston,(28) 96541-2761,"22,27,2024"
Amir Walters,(17) 96492-1388,"29,47,2024"
Samson Davis,(18) 94943-1431,"11,03,2024"
Abdul Oliver,(77) 91817-2968,"08,19,2024"
Kiona Ramos,(33) 93552-5838,"25,33,2024"
David Sawyer,(43) 96688-4872,"05,31,2024"
Channing Freeman,(93) 92066-5948,"13,47,2024"
Paloma Nieves,(45) 96474-6388,"01,43,2024"
Russell Barron,(81) 91475-8621,"17,11,2024"
Josephine Guerrero,(28) 92943-6879,"07,11,2024"
Octavia Kennedy,(52) 95981-1365,"07,20,2024"
Rebekah Justice,(68) 97756-7872,"26,03,2024"
Abbot Spears,(74) 92737-7050,"11,22,2024"
Bryar Wilkins,(34) 98176-6774,"20,37,2024"
Zachery Becker,(11) 98789-7867,"27,55,2024"
Nissim Randolph,(88) 93834-4122,"21,09,2024"
Howard Rivers,(53) 98335-3288,"06,57,2024"
Irma Roberson,(54) 97538-3712,"15,27,2024"
Demetria Murphy,(51) 95455-0973,"22,47,2024"
Arthur Walls,(54) 98253-1294,"10,02,2024"
Daryl Simmons,(94) 98862-5313,"24,50,2024"
Buffy Parsons,(54) 94427-3070,"18,24,2024"
Vernon Berg,(58) 96789-6257,"06,39,2024"
Ira Buckner,(66) 98605-1822,"17,18,2024"
Ocean Stout,(74) 96597-8383,"05,23,2024"
Josephine Cruz,(55) 98413-2877,"09,48,2024"
Abdul Garcia,(67) 95755-6193,"14,41,2024"
Echo Witt,(72) 95183-5637,"29,04,2024"
Brielle Hyde,(35) 91725-9820,"14,53,2024"
Moses Rowland,(46) 93953-4985,"05,23,2024"
Ralph Ball,(67) 90233-9716,"06,00,2024"
Ciara Odom,(59) 96268-0561,"18,00,2024"
Ora Edwards,(77) 99728-7576,"06,29,2024"
Rinah Wade,(13) 95623-4911,"28,49,2024"
Montana Gordon,(54) 90886-1522,"01,05,2024"
Leo Allen,(55) 91403-5183,"19,13,2024"
Unity Walker,(73) 97150-1371,"30,53,2024"
MacKenzie Chambers,(84) 92582-2063,"04,51,2024"
Ashely Walls,(25) 93252-5654,"06,55,2024"
Walter Curry,(46) 90136-5268,"23,19,2024"
Ethan Frazier,(68) 96405-0590,"17,08,2024"
Megan Gates,(26) 98718-1336,"04,46,2024"
Rowan Haynes,(72) 95611-4438,"30,10,2024"
Regan Blair,(85) 96388-6480,"07,09,2024"
Clark Stephenson,(47) 97178-9136,"04,51,2024"
Patrick Velez,(68) 91783-4652,"08,34,2024"
Carson Howell,(11) 95788-6123,"30,20,2024"
April O'brien,(35) 92215-6417,"11,15,2024"
Nathaniel Lawson,(18) 91963-8176,"07,37,2024"
Driscoll Cotton,(16) 90225-3506,"29,05,2024"
Nola House,(84) 96738-4865,"30,41,2024"
Regina Gardner,(22) 95504-9450,"25,00,2024"
Yardley Gordon,(32) 96362-7234,"16,23,2024"
Rana Burch,(74) 99668-6630,"21,33,2024"
Scott Brennan,(26) 98166-4520,"26,07,2024"
Sybil Cooper,(45) 94454-5578,"29,53,2024"
Noble Keith,(42) 98528-5096,"23,41,2024"
Alan Swanson,(44) 97239-1568,"27,26,2024"
Rowan Guerra,(62) 99624-9126,"11,56,2024"
Matthew Reed,(68) 91142-1037,"16,12,2024"
Prescott Macias,(48) 93272-1348,"24,43,2024"
Gray Chang,(48) 96185-5745,"09,24,2024"
Morgan Morales,(18) 93286-0347,"09,23,2024"
Martha O'donnell,(54) 93121-6864,"21,05,2024"
Hilel Rocha,(82) 93762-1777,"05,02,2024"
Catherine Campos,(75) 95821-3036,"13,40,2024"
Ulric Norris,(57) 96889-8928,"16,13,2024"
Ori Yates,(63) 94111-6488,"15,33,2024"
Irene Rich,(64) 93357-5931,"06,29,2024"
Felicia Browning,(78) 95656-8146,"26,39,2024"
Randall Page,(97) 95833-4897,"28,12,2024"
Brenna Grimes,(48) 97034-0447,"09,03,2024"
Nadine Merrill,(14) 96273-4728,"08,22,2024"
Victoria Clements,(62) 92347-8759,"12,08,2024"
Scarlet Berry,(64) 91838-4585,"23,31,2024"
Gage Fitzpatrick,(47) 98141-8224,"19,07,2024"
Jason Alvarez,(65) 92104-1444,"19,54,2024"
Rhona Briggs,(73) 98186-4326,"17,32,2024"
Grady Huffman,(18) 99515-4684,"06,54,2024"
Edward Wells,(56) 96565-9827,"01,17,2024"
Brittany Horne,(18) 95738-3423,"30,32,2024"
Daphne Blackwell,(62) 98286-2422,"22,33,2024"
Zachery Levine,(62) 95528-3902,"14,45,2024"
Hayden Collier,(68) 98282-3036,"25,09,2024"
Melvin Potts,(89) 93777-6295,"17,27,2024"
Zeus Foreman,(35) 96696-8154,"01,53,2024"
Ian Watts,(78) 91310-2521,"05,07,2024"
Carly Glover,(62) 97831-6785,"09,02,2024"
Nissim Mills,(71) 97639-8450,"08,03,2024"
Malachi Burt,(12) 99367-7526,"17,53,2024"
Wylie Booker,(84) 98906-0115,"02,23,2024"
Boris Nguyen,(33) 95657-6829,"25,41,2024"
Len Weber,(67) 97745-5224,"03,38,2024"
Calista Pratt,(39) 91634-4217,"15,02,2024"
Baker Whitehead,(33) 90155-8726,"18,05,2024"
Yardley Mooney,(54) 94396-7991,"15,03,2024"
Herman Craft,(17) 95047-5894,"21,53,2024"
Kellie Solomon,(32) 92180-4367,"26,34,2024"
Brendan Ray,(64) 92466-8363,"19,42,2024"
Kai Bates,(64) 95624-5577,"13,35,2024"
Galena Hunt,(22) 98572-7224,"08,00,2024"
Kiayada Pope,(13) 91947-5869,"23,17,2024"
Gray Day,(59) 95612-1823,"07,26,2024"
Maya Britt,(51) 93461-4460,"12,35,2024"
Chastity Mckay,(44) 90151-6353,"29,47,2024"
Lucius Rush,(71) 92365-7132,"05,59,2024"
Timothy Dillon,(69) 92288-6545,"08,46,2024"
Whitney Alexander,(69) 95936-1139,"21,38,2024"
Erasmus Jordan,(21) 96812-2010,"21,26,2024"
Isaiah Ashley,(17) 95671-8858,"18,56,2024"
Vaughan Conrad,(47) 93936-8451,"30,39,2024"
Eve Pugh,(28) 96811-6488,"22,45,2024"
Avram Sosa,(13) 94435-4029,"07,25,2024"
Ezra Kelly,(96) 98547-4362,"20,19,2024"
Hilary Faulkner,(84) 90486-5286,"22,51,2024"
Fuller Kirby,(15) 93604-9720,"28,03,2024"
Keelie Cummings,(86) 92835-3768,"01,23,2024"
Yuli Bailey,(33) 92685-7738,"15,35,2024"
Cassady Serrano,(34) 96226-6343,"14,42,2024"
Eric Miranda,(57) 95314-5125,"08,03,2024"
Beverly Hays,(15) 91285-2287,"08,16,2024"
Iola Graves,(79) 93425-8123,"18,40,2024"
Tyrone Hicks,(69) 97445-1325,"30,45,2024"
Moses Carter,(78) 92117-1744,"22,27,2024"
Madeline House,(87) 94560-9817,"07,13,2024"
Jarrod Contreras,(63) 97856-1176,"08,54,2024"
Raya Rowland,(26) 93538-6295,"09,31,2024"
Victor Koch,(58) 97260-3985,"26,26,2024"
Paul York,(37) 93297-9336,"02,38,2024"
Shana Sampson,(27) 98354-8478,"11,34,2024"
Melyssa Soto,(46) 92497-8498,"24,50,2024"
Deirdre Ashley,(23) 92122-3437,"05,16,2024"
Cruz Jennings,(48) 95128-3374,"15,19,2024"
Dieter George,(12) 92740-3383,"18,30,2024"
Keane Bowman,(14) 97766-1386,"23,48,2024"
Jessamine Armstrong,(99) 98265-0437,"29,29,2024"
Marny Ryan,(77) 90522-7193,"28,00,2024"
Tamekah Roy,(48) 94289-7229,"29,03,2024"
Tasha French,(14) 92526-6407,"08,06,2024"
Savannah Wall,(93) 95630-1087,"14,28,2024"
Macey Nguyen,(52) 97925-3378,"01,52,2024"
Chaney Booker,(98) 98571-3382,"31,22,2024"
Basil Mcneil,(84) 91177-7676,"26,25,2024"
Jillian Thompson,(94) 98953-2338,"07,55,2024"
Ian Mccray,(99) 97571-1947,"20,11,2024"
Alec Burgess,(57) 90412-0557,"22,07,2024"
Aaron Murphy,(72) 99075-4972,"09,25,2024"
Macaulay Mcclain,(53) 94796-1376,"12,22,2024"
Burton Kent,(56) 93103-0611,"17,38,2024"
Dane Sharpe,(93) 96222-2273,"26,19,2024"
Mark Reynolds,(56) 98562-7461,"19,02,2024"
Kuame Powers,(71) 99263-7496,"22,57,2024"
Adena Barry,(65) 96051-2441,"03,48,2024"
Clark Short,(22) 94604-8704,"11,50,2024"
Summer Hendrix,(87) 95195-1735,"25,33,2024"
Zeus Ferguson,(67) 94114-8833,"15,09,2024"
Sydnee Head,(48) 96564-3871,"20,08,2024"
Neil Lindsay,(63) 96743-9814,"09,06,2024"
Xenos Mullen,(61) 96537-9746,"08,19,2024"
Caleb Randolph,(68) 98152-3250,"13,54,2024"
Gary Stone,(82) 97034-0478,"08,00,2024"
Louis Schneider,(46) 97645-8136,"12,56,2024"
Skyler Howell,(78) 92220-7116,"04,21,2024"
Hanae Gill,(38) 97245-4827,"29,30,2024"
Tanner Harper,(55) 95264-9895,"09,44,2024"
Leo Travis,(78) 94355-7237,"22,07,2024"
Aaron Jackson,(89) 94577-0730,"29,06,2024"
Mufutau Sullivan,(88) 95351-1451,"02,04,2024"
Wesley Chandler,(11) 96392-5673,"26,22,2024"
Solomon Salazar,(23) 98175-6432,"21,32,2024"
Freya Thomas,(41) 95512-4176,"05,14,2024"
Olivia O'donnell,(24) 96484-7178,"11,58,2024"
Kiayada Daniel,(48) 94428-6238,"30,47,2024"
Boris Wall,(87) 92022-4275,"21,06,2024"
Cynthia Hunt,(56) 98546-1698,"29,19,2024"
Doris Whitfield,(98) 98384-5366,"09,38,2024"
Xantha Moody,(54) 93623-3746,"05,28,2024"
Ishmael Carver,(68) 97763-9204,"19,02,2024"
Fuller Boyer,(72) 95338-2877,"11,07,2024"
Reece Farley,(78) 96762-1240,"19,27,2024"
Farrah Stafford,(33) 97024-8617,"08,12,2024"
Hakeem Duncan,(14) 91862-4443,"15,25,2024"
Dennis Le,(56) 94438-6666,"05,32,2024"
Haley Burks,(66) 95564-2030,"28,48,2024"
Kareem Padilla,(83) 95433-4524,"15,15,2024"
Caldwell Dejesus,(35) 94453-2570,"21,01,2024"
Nelle Cook,(42) 92452-5662,"25,46,2024"
Tamara Parrish,(75) 94132-5271,"08,10,2024"
Cally Morton,(72) 90832-2492,"18,19,2024"
Rigel Hale,(38) 95864-0520,"19,41,2024"
Rajah Mason,(17) 95879-8090,"21,53,2024"
Rashad Cervantes,(13) 98941-6537,"27,48,2024"
Janna Atkins,(22) 93121-3149,"29,55,2024"
Hyacinth Cameron,(85) 95231-1771,"28,01,2024"
Alexandra Bruce,(86) 91906-9095,"23,33,2024"
Thomas Montoya,(79) 96753-4161,"11,59,2024"
Emi Castillo,(76) 90679-1658,"28,50,2024"
Wilma Spears,(68) 92125-3859,"09,09,2024"
Keefe Lambert,(45) 93356-2009,"31,09,2024"
Katelyn West,(86) 93587-8642,"24,03,2024"
Kim Fischer,(66) 91471-6326,"17,18,2024"
Colby Woodard,(73) 94955-3116,"22,05,2024"
Jordan Osborne,(88) 97535-1194,"07,49,2024"
Jamalia Bennett,(67) 91258-5092,"19,25,2024"
Gage Potts,(45) 98217-7747,"28,48,2024"
Uriel Edwards,(53) 95687-7732,"21,09,2024"
Joseph Todd,(25) 92752-8341,"11,25,2024"
Leigh Madden,(21) 99275-4215,"23,49,2024"
Grady Boyer,(61) 91357-7688,"22,50,2024"
Debra Walton,(86) 93119-6237,"24,55,2024"
Aidan Williams,(78) 91377-7647,"24,08,2024"
Amena Kennedy,(34) 97523-3362,"25,51,2024"
Alyssa Wynn,(26) 97919-7401,"04,13,2024"
Dexter Peck,(37) 97155-7726,"11,56,2024"
Ignatius Mcpherson,(53) 95461-8633,"06,59,2024"
Leigh Sparks,(68) 94809-3266,"22,33,2024"
Gage Wise,(25) 94532-2286,"14,23,2024"
Paki Jenkins,(74) 91255-3575,"23,30,2024"
Wesley Beard,(24) 93178-7835,"25,45,2024"
Laurel Edwards,(92) 91268-8322,"27,18,2024"
Benjamin Nielsen,(36) 97502-4322,"04,18,2024"
Chandler Delaney,(57) 97067-3862,"25,37,2024"
Damian William,(53) 99011-6713,"19,44,2024"
Ryan Key,(48) 98685-4588,"14,58,2024"
Melvin English,(96) 98671-2545,"26,55,2024"
Audrey Sweet,(77) 93457-8598,"25,41,2024"
Daquan Chang,(59) 97104-1352,"19,19,2024"
Philip Schneider,(35) 95282-1889,"24,45,2024"
Vance Lott,(23) 98561-4152,"30,24,2024"
Blossom Maynard,(83) 94362-2374,"01,41,2024"
Medge Blanchard,(78) 96588-5141,"30,41,2024"
Amos Barrett,(45) 94244-8054,"19,16,2024"
Ignacia Holman,(45) 95925-3382,"29,17,2024"
Rajah Todd,(51) 93385-5338,"28,34,2024"
Maxine Rowe,(59) 96121-3637,"29,13,2024"
Harrison Buchanan,(57) 96819-2635,"10,17,2024"
Noelle Middleton,(28) 97134-3754,"13,13,2024"
Felicia Navarro,(89) 90973-7613,"13,18,2024"
William Rios,(73) 97626-0829,"29,00,2024"
Prescott Reynolds,(35) 98216-2664,"30,35,2024"
Leroy Leblanc,(91) 97723-6678,"22,18,2024"
Fletcher Lawson,(55) 96296-5655,"16,43,2024"
Reece Hawkins,(47) 90463-8043,"14,33,2024"
Brendan Parsons,(54) 92868-3021,"02,12,2024"
Sheila Thornton,(67) 96824-9054,"27,51,2024"
Grace Mejia,(62) 96781-8622,"03,00,2024"
Ocean Dunlap,(43) 92835-5146,"07,55,2024"
Mohammad Ellison,(17) 98455-9674,"29,31,2024"
Orson Carpenter,(56) 94823-1484,"01,35,2024"
Josiah Rosa,(72) 98555-7097,"22,42,2024"
Philip Fitzpatrick,(61) 94110-8831,"16,08,2024"
Justin Robertson,(72) 96428-3813,"04,32,2024"
Winifred Riggs,(35) 99432-2773,"04,15,2024"
Eric Velazquez,(18) 91153-4777,"27,33,2024"
Wade Albert,(82) 96520-4385,"13,27,2024"
Colette Calhoun,(23) 98363-1557,"06,27,2024"
Hope Burton,(76) 97208-3964,"29,00,2024"
Eleanor Sheppard,(28) 91458-3457,"14,23,2024"
Winter Willis,(28) 93392-2883,"26,21,2024"
Demetrius Weber,(42) 99871-8968,"27,46,2024"
Fritz Ward,(44) 96800-7139,"20,22,2024"
Jin Maldonado,(22) 95211-7749,"13,41,2024"
Pamela Barker,(75) 96631-7560,"17,54,2024"
Jack Mercer,(39) 96979-4257,"13,23,2024"
Nevada Mckenzie,(47) 94527-8853,"02,21,2024"
Ulysses Dyer,(27) 92761-1855,"08,22,2024"
Keiko Travis,(45) 91896-7917,"09,10,2024"
Fatima Boone,(47) 96737-1484,"11,38,2024"
Elaine Vang,(43) 94098-0849,"14,10,2024"
Belle Shepherd,(34) 93873-7885,"08,38,2024"
Mercedes Bird,(77) 98627-6082,"01,26,2024"
Amal Vang,(52) 97868-8148,"21,49,2024"
Nicholas Sellers,(78) 99376-5427,"27,20,2024"
Fitzgerald Daugherty,(23) 97687-9586,"14,35,2024"
Sophia O'brien,(21) 94593-3306,"20,06,2024"
Jasmine Huber,(27) 91118-9542,"14,57,2024"
Gay Roy,(87) 91494-7131,"19,43,2024"
Magee Welch,(57) 93297-7339,"29,02,2024"
Mercedes Adkins,(85) 97562-9732,"09,42,2024"
Oliver Bonner,(23) 91689-3475,"05,26,2024"
Montana Bray,(69) 92114-6063,"06,30,2024"
Walter Heath,(69) 92444-7318,"12,29,2024"
Medge Horne,(12) 95748-9812,"14,09,2024"
Hyatt Fields,(42) 97363-7816,"08,27,2024"
Jescie Richard,(22) 96816-1596,"29,32,2024"
Kamal Rasmussen,(35) 96709-6784,"30,48,2024"
Fitzgerald Rosales,(45) 97674-8315,"08,12,2024"
Cora Mcconnell,(28) 96716-6183,"24,31,2024"
Audra Head,(23) 97353-6282,"30,54,2024"
Armand Pollard,(55) 91519-5428,"09,23,2024"
Bethany Wilder,(72) 96650-6264,"10,56,2024"
Ignatius George,(53) 94344-6181,"13,45,2024"
Ray Austin,(28) 94330-2469,"07,14,2024"
Gavin Fields,(33) 99326-7867,"19,37,2024"
James Downs,(85) 97261-4214,"17,23,2024"
Eaton Eaton,(22) 93923-7531,"06,10,2024"
Aileen Sampson,(74) 91217-1117,"14,54,2024"
Bell Harrison,(83) 96254-8828,"27,46,2024"
Madonna Dale,(93) 96748-5125,"06,42,2024"
Murphy Stafford,(63) 94412-7711,"17,40,2024"
Tarik Nelson,(53) 96935-2518,"04,12,2024"
Allen Wilkinson,(91) 92687-3147,"19,54,2024"
Jayme Mccall,(96) 90300-0818,"27,09,2024"
Quemby Black,(33) 93687-3596,"22,47,2024"
Merrill Battle,(78) 94480-1578,"11,32,2024"
Cameron Mooney,(47) 91652-6737,"21,28,2024"
Kato Payne,(48) 96244-3518,"09,36,2024"
Jillian Ewing,(32) 98133-2367,"27,18,2024"
Simone Mayer,(22) 94810-1070,"24,14,2024"
Beverly Palmer,(48) 95380-9368,"05,33,2024"
Rae Bell,(37) 91941-7102,"20,12,2024"
Martin Parsons,(75) 93767-4573,"26,53,2024"
Avye Pennington,(97) 96214-4349,"21,53,2024"
Colby Taylor,(34) 95715-7283,"08,19,2024"
Adrian Cantrell,(11) 93462-5772,"24,17,2024"
Castor Mooney,(88) 97833-8046,"16,20,2024"
Moana Mcdowell,(88) 91156-2252,"01,41,2024"
Fredericka Kent,(34) 96263-7902,"26,16,2024"
Alice Walls,(43) 94238-8728,"17,18,2024"
Ivy Salazar,(93) 96886-5651,"05,01,2024"
Theodore Morrow,(68) 91386-4390,"24,11,2024"
Herman Bullock,(75) 90686-8157,"16,06,2024"
Martin Walton,(64) 93512-8296,"23,58,2024"
Garrison Hunter,(85) 94222-2395,"03,44,2024"
Keefe Griffith,(54) 94247-2347,"03,58,2024"
Blaze York,(72) 95533-5608,"26,04,2024"
Galena Hansen,(22) 94455-8243,"27,46,2024"
Dana Compton,(55) 92476-1792,"25,52,2024"
Hop Wilkinson,(24) 96856-2924,"17,57,2024"
Charles Whitley,(64) 92688-1413,"26,39,2024"
Odysseus Gross,(71) 94926-1275,"24,37,2024"
Octavia Greene,(23) 92827-3844,"09,47,2024"
Cedric Mason,(35) 90541-3638,"10,54,2024"
MacKensie Bond,(93) 93961-7146,"10,48,2024"
Kelly Simmons,(34) 91604-7587,"25,49,2024"
Oliver Jarvis,(33) 95489-4045,"20,39,2024"
Acton Morgan,(26) 97831-5193,"29,46,2024"
Eaton Whitfield,(17) 93123-1592,"16,21,2024"
Carl Davidson,(43) 97665-0447,"30,37,2024"
Quamar Pickett,(53) 96343-8818,"24,00,2024"
Murphy Pate,(53) 96040-8963,"07,00,2024"
Martina Cantu,(89) 90432-4554,"10,21,2024"
Brynn Powers,(76) 96111-7740,"16,45,2024"
Dorian Herman,(64) 93236-9420,"15,53,2024"
Carson Harrell,(34) 95773-1555,"28,31,2024"
Nasim Holden,(47) 90159-8563,"02,51,2024"
Blaze Lynn,(12) 96273-8532,"09,51,2024"
Alexandra Stevens,(44) 91840-6766,"31,33,2024"
Adena Kaufman,(31) 91897-4624,"11,38,2024"
Kirsten Benton,(78) 99479-6185,"26,17,2024"
Katelyn Knox,(78) 92197-2835,"07,37,2024"
Vaughan Mcdonald,(88) 91670-4709,"26,01,2024"
Otto Parks,(75) 91294-1054,"26,45,2024"
Ina Gillespie,(44) 93331-9633,"25,08,2024"
Ulla Porter,(87) 92333-9777,"14,24,2024"
Hanna Wolfe,(96) 92830-3136,"21,11,2024"
Yolanda Harrell,(58) 91756-5463,"10,41,2024"
Wynne Massey,(74) 99560-4388,"25,40,2024"
Vera Middleton,(82) 94446-0185,"20,16,2024"
Samuel Berg,(51) 91638-5222,"24,57,2024"
Jemima Moses,(43) 98513-1251,"04,41,2024"
Aristotle Kemp,(75) 90313-6583,"04,00,2024"
Armando Skinner,(73) 92268-8182,"15,51,2024"
Emerald Mcfarland,(34) 91169-1148,"29,24,2024"
Phyllis Bush,(44) 97677-4018,"04,23,2024"
Gannon Glass,(74) 98247-5950,"30,21,2024"
Omar Sears,(26) 97455-1460,"13,46,2024"
Maggy Walters,(42) 95772-2461,"23,40,2024"
Stewart Rosa,(52) 93833-6538,"16,59,2024"
Kyla Carr,(16) 97583-3675,"29,16,2024"
Lael Mcclain,(28) 99569-5631,"07,08,2024"
Cheyenne Haynes,(61) 94156-1629,"28,30,2024"
Preston Foster,(77) 94966-8866,"12,10,2024"
Cyrus Small,(64) 91624-1427,"28,08,2024"
Colton Bowers,(62) 92122-5681,"02,08,2024"
Bradley Raymond,(34) 94602-2678,"02,33,2024"
Malachi Bird,(23) 93881-5549,"11,43,2024"
Adrian Vasquez,(54) 95734-9199,"17,51,2024"
Nerea Tucker,(48) 96884-0195,"13,57,2024"
Leonard Durham,(38) 97766-6924,"15,10,2024"
Nolan Baxter,(66) 96394-1225,"26,53,2024"
Curran Carlson,(47) 91771-2316,"23,51,2024"
Skyler Pace,(96) 99685-7562,"22,11,2024"
Cade Rivas,(48) 95328-3254,"21,02,2024"
Kai Battle,(63) 98966-3573,"03,07,2024"
Bree Holcomb,(58) 98246-8754,"13,49,2024"
Maxwell Gallagher,(21) 93723-9781,"27,56,2024"
Yolanda Solis,(93) 91528-9741,"15,48,2024"
Sandra Riggs,(56) 92326-1162,"14,12,2024"
April Ray,(96) 94543-7762,"26,52,2024"
Fay Kirk,(22) 95862-2121,"10,57,2024"
Ignatius Abbott,(29) 96967-3400,"21,23,2024"
Elvis Gibbs,(84) 94447-5216,"26,56,2024"
Meredith Mclean,(34) 95712-5481,"23,40,2024"
Maxine Kemp,(92) 99293-3683,"11,30,2024"
Oren Cash,(13) 99466-0917,"10,32,2024"
Walker Andrews,(33) 93892-9678,"29,03,2024"
Zeus Schultz,(42) 90011-2484,"10,42,2024"
Yoshi Cain,(84) 92363-1740,"24,10,2024"
Rinah Branch,(68) 94306-8324,"07,50,2024"
Valentine Ruiz,(72) 91802-2482,"19,03,2024"
Emmanuel Wilkinson,(96) 97114-4102,"31,13,2024"
Serena Steele,(35) 94079-5867,"26,37,2024"
Judah Callahan,(34) 92276-2082,"09,34,2024"
Anastasia Jacobs,(24) 99407-1314,"17,28,2024"
Rosalyn Robinson,(28) 90767-2480,"12,13,2024"
Adrian Fuller,(84) 90522-2811,"23,16,2024"
Tad Young,(98) 98851-1001,"14,14,2024"
Fulton Mcguire,(74) 93278-3290,"25,45,2024"
Randall Short,(13) 95468-7867,"12,58,2024"
Ina Mcbride,(99) 98903-9154,"14,36,2024"
Uta Cross,(35) 93785-9105,"16,51,2024"
Megan Burgess,(74) 97462-3258,"26,45,2024"
Kristen Floyd,(54) 99592-8386,"17,27,2024"
Dennis Odom,(92) 96534-8146,"08,21,2024"
Steel Johnston,(45) 96723-6432,"05,17,2024"
Jaden Warren,(58) 94461-2871,"02,29,2024"
Andrew Bird,(38) 90766-6820,"24,01,2024"
Jerry Brewer,(35) 98558-9362,"13,45,2024"
Aidan Watkins,(33) 93868-1347,"07,23,2024"
Lilah Moses,(87) 98381-3802,"29,24,2024"
Regina Hart,(83) 93748-5984,"04,46,2024"
Pascale Head,(16) 93556-8475,"26,23,2024"
Isabella Carson,(64) 92255-8911,"05,48,2024"
Reece Melton,(42) 91169-4171,"22,17,2024"
Cecilia Alston,(86) 94663-3317,"29,54,2024"
Adena Rojas,(36) 91408-1168,"20,26,2024"
Yael Eaton,(26) 98362-9964,"24,13,2024"
Odysseus Mcgowan,(66) 94435-5775,"26,31,2024"
Kamal Macdonald,(67) 97480-4618,"26,28,2024"
Jacqueline Howard,(69) 95430-3238,"10,42,2024"
Cairo Hancock,(16) 95244-3123,"13,10,2024"
Michael Boyle,(79) 91601-3251,"26,09,2024"
Lisandra Benjamin,(12) 95306-7321,"08,13,2024"
Phoebe Potter,(34) 97316-2388,"26,50,2024"
Damon Lloyd,(76) 90295-2434,"24,34,2024"
Mariam Weiss,(24) 94598-5234,"22,36,2024"
Ryder Rodriguez,(24) 94186-4772,"07,20,2024"
Michael Brewer,(23) 91387-7438,"09,32,2024"
Alisa Oliver,(74) 97641-1251,"31,07,2024"
Zephr Patterson,(83) 97821-1162,"23,42,2024"
Zachery Hobbs,(72) 92477-7108,"11,28,2024"
Alden Kramer,(33) 97155-3825,"25,48,2024"
Connor Welch,(54) 96149-9068,"20,13,2024"
Joy Le,(54) 95333-0587,"30,18,2024"
Isaiah Stone,(39) 91697-9384,"13,02,2024"
Serina Gilbert,(82) 95092-6913,"17,32,2024"
Curran Miranda,(85) 93772-3480,"13,33,2024"
Nero Owens,(52) 93681-6886,"21,46,2024"
Colorado Hayden,(77) 96754-0462,"25,16,2024"
Sheila Zimmerman,(77) 92016-9332,"16,22,2024"
Tucker Craig,(14) 91144-7751,"16,44,2024"
Margaret Fletcher,(12) 95008-9782,"19,25,2024"
Alyssa Carr,(23) 96025-1035,"26,22,2024"
Cynthia Riley,(39) 99411-0696,"05,13,2024"
Noelle Fuller,(24) 94837-9541,"28,26,2024"
Judah Mcconnell,(35) 92113-5951,"19,12,2024"
Logan Macias,(24) 97931-1226,"02,25,2024"
Stewart Meadows,(83) 98118-1257,"30,36,2024"
Haviva Bolton,(44) 94125-4458,"14,42,2024"
Forrest Cannon,(76) 98624-6104,"08,00,2024"
Autumn Harmon,(86) 96866-4477,"05,25,2024"
Yuri Moran,(85) 98033-3195,"22,54,2024"
Hiram Kennedy,(54) 95922-9457,"25,03,2024"
Brittany Mcdowell,(46) 91067-7333,"08,09,2024"
Damian Paul,(49) 97486-1130,"18,58,2024"
TaShya Avila,(37) 97255-8276,"14,04,2024"
Karina Avila,(28) 91740-9822,"28,53,2024"
Murphy Gibbs,(69) 93678-5331,"29,18,2024"
Lydia Ramsey,(35) 96101-7464,"23,58,2024"
Myles Mckenzie,(53) 92414-4253,"20,21,2024"
Buckminster Livingston,(73) 97561-4804,"19,08,2024"
Patience Duffy,(46) 94715-5117,"10,32,2024"
Caleb Heath,(47) 98457-6342,"29,27,2024"
Clinton Walton,(36) 97415-2804,"01,33,2024"
